-- phpMyAdmin SQL Dump
-- version 4.6.4
-- https://www.phpmyadmin.net/
--
-- Host: 127.0.0.1
-- Generation Time: Dec 21, 2016 at 09:51 PM
-- Server version: 5.7.14
-- PHP Version: 7.0.10

SET SQL_MODE = "NO_AUTO_VALUE_ON_ZERO";
SET time_zone = "+00:00";


/*!40101 SET @OLD_CHARACTER_SET_CLIENT=@@CHARACTER_SET_CLIENT */;
/*!40101 SET @OLD_CHARACTER_SET_RESULTS=@@CHARACTER_SET_RESULTS */;
/*!40101 SET @OLD_COLLATION_CONNECTION=@@COLLATION_CONNECTION */;
/*!40101 SET NAMES utf8mb4 */;

--
-- Database: `social-network`
--

-- --------------------------------------------------------

--
-- Table structure for table `friend`
--

CREATE TABLE `friend` (
  `ID` varchar(35) NOT NULL,
  `SearchID` varchar(35) NOT NULL,
  `Status` varchar(10) NOT NULL
) ENGINE=InnoDB DEFAULT CHARSET=latin1;

--
-- Dumping data for table `friend`
--

INSERT INTO `friend` (`ID`, `SearchID`, `Status`) VALUES
('a', 'b', 'Active'),
('a', 'c', 'Active'),
('a', 'd', 'Active'),
('a', 'e', 'Active'),
('a', 'f', 'Active');

-- --------------------------------------------------------

--
-- Table structure for table `login`
--

CREATE TABLE `login` (
  `ID` varchar(35) NOT NULL,
  `Password` varchar(35) NOT NULL,
  `Status` varchar(7) NOT NULL,
  `Access` varchar(5) NOT NULL
) ENGINE=InnoDB DEFAULT CHARSET=latin1;

--
-- Dumping data for table `login`
--

INSERT INTO `login` (`ID`, `Password`, `Status`, `Access`) VALUES
('a', 'a', 'Active', 'User'),
('b', 'b', 'Active', 'User'),
('c', 'c', 'Active', 'User'),
('d', 'd', 'Active', 'User'),
('e', 'e', 'Active', 'User'),
('f', 'f', 'Active', 'User'),
('meeli', 'meeli', 'Active', 'Admin');

-- --------------------------------------------------------

--
-- Table structure for table `personal`
--

CREATE TABLE `personal` (
  `ID` varchar(35) NOT NULL,
  `First` varchar(35) DEFAULT NULL,
  `Height` varchar(5) DEFAULT NULL,
  `Eye` varchar(25) DEFAULT NULL,
  `Hair` varchar(25) DEFAULT NULL,
  `Turnon` varchar(150) DEFAULT NULL,
  `Off` varchar(150) DEFAULT NULL,
  `Five` varchar(150) DEFAULT NULL,
  `title` varchar(35) DEFAULT NULL,
  `image` longblob
) ENGINE=InnoDB DEFAULT CHARSET=latin1;

--
-- Dumping data for table `personal`
--

INSERT INTO `personal` (`ID`, `First`, `Height`, `Eye`, `Hair`, `Turnon`, `Off`, `Five`, `title`, `image`) VALUES
('a', NULL, NULL, NULL, NULL, NULL, NULL, NULL, '', 0xffd8ffe000104a46494600010100000100010000fffe003c43524541544f523a2067642d6a7065672076312e3020287573696e6720494a47204a50454720763632292c207175616c697479203d203130310affdb00430001010101010101010101010101010101010101010101010101010101010101010101010101010101010101010101010101010101010101010101010101010101ffdb00430101010101010101010101010101010101010101010101010101010101010101010101010101010101010101010101010101010101010101010101010101010101ffc00011080032004303012200021101031101ffc4001f0000010501010101010100000000000000000102030405060708090a0bffc400b5100002010303020403050504040000017d01020300041105122131410613516107227114328191a1082342b1c11552d1f02433627282090a161718191a25262728292a3435363738393a434445464748494a535455565758595a636465666768696a737475767778797a838485868788898a92939495969798999aa2a3a4a5a6a7a8a9aab2b3b4b5b6b7b8b9bac2c3c4c5c6c7c8c9cad2d3d4d5d6d7d8d9dae1e2e3e4e5e6e7e8e9eaf1f2f3f4f5f6f7f8f9faffc4001f0100030101010101010101010000000000000102030405060708090a0bffc400b51100020102040403040705040400010277000102031104052131061241510761711322328108144291a1b1c109233352f0156272d10a162434e125f11718191a262728292a35363738393a434445464748494a535455565758595a636465666768696a737475767778797a82838485868788898a92939495969798999aa2a3a4a5a6a7a8a9aab2b3b4b5b6b7b8b9bac2c3c4c5c6c7c8c9cad2d3d4d5d6d7d8d9dae2e3e4e5e6e7e8e9eaf2f3f4f5f6f7f8f9faffda000c03010002110311003f00febf97e296aaa00253773f379f2601ce738311e7a819c7bfbdc8be29ea5b42efce0727ed007e63cb1cf19fa70718cd7c249f102e707cc9109e402c18639c0270c14919fee8cf38e4822dc5f102e83e37432280090a5d3820608dccddba647e1c66bfb0a7e1ad2ffa02a175d795abdb97677b257b257dfe67f96d4bc5ac6a7a6698dd75bb8c25cbb768ad7b5b4d74bee7dd43e2c5ee02b70d8c67ce1d47d22e3f11c8c6735137c5bd490ed49368ce389b3d8f4fdce33c75208f5240007c2f37c58d32da42973a9e9f6f229c324ba95ba38e71831b32b0230472393d86315ab078fe0ba412dbcf15c293f7e3b8499182e090193728ebdf38f4ac25e19c29c54ea65894656b37197237a689b6e2fa3f9f4d8eea7e2de3e4da59d5793495d5df3455bb25dd6bf768ac7d98ff0016f562c3fd224f4e3caebd382c807a7207e3cd21f8b9ab05dc6f9c70704ac24139e83804e460f38ec3debe366f1a92d9c2e4678f37920743c2f1cf1fa600dc4b8f8d158282ce4f1f282b8f5cf2c7a0008c8e3f3342f0ef089479b2fa29e975ece0ed7b376d1a7d77dd3eb6d7b21e29666ecffb5f136b2f8a75e2ba2b7c4bee8e97f3ba3ec65f8b9a8b0225d41c678c0312646727fd5a7be791cf2338a44f8b12c20859a46049662260092725989c13963f3138ee79e715f1f0f18c0dc312add7e601b3c1e98241c7be33c8e2a36f1643fc3203ec7af3c1f94e3ea011ee40e4d25e1ee0ef67814969751a718a6f4b3bc52b5b5dde9d0e8a7e2666326a52cc2755ab72b9d6a9292bdba4e72b27b3495b5d773ec7ff0085bd377f349ee45c0e7f41fca8af8a0f8f74ec90352d3f82548fb65b821949560416241560410790411455ff00c439c27fd0bdf4fb13feef55a7ddf85bddd3fe228e67ff0041bdb69c7cbcfcff0015d99f95f07c64f1046c5e6d5eee5c0c0dd72400172412aa4213dc964663d589e6b9af137ed35a0e8913af8a3c77a4e96aa8435a4fabdbc1712aaa83b56c6093ed576c57076476f2b31ec4906bf9edd5fe36fc41d60ba6a1e31f10cb14db8b5bc7a95c5a5ac99243036f66f6f0100023618ca804fca0f35c09d76499d9e490b333163920eec9e599b3f313ea4f4ea7d7fd408786d9129a9d4a546328dace8e1a9a6ad6f8252f876d1a8efa9fc954385f346bfda31f55465bc297349cb6bde5395bad93709747d2c7ef8c3fb687c129eecda0f1448016d8979268dad4764ed9c616592c958293b58c92471c58e43e3a7a3687f1fbc19ad2fda7c39e2ad16ed91906eb5d5ad96e21762163dd0acf1dcc2cfd137aa16390a5b69afe739758284e1c000e4052001b49ddc7a12082d9ef839c015427f88da3e964fda6fc48d8398ad1bcd954e467fd592aa73cfceca338ef907a2bf026414e37752ad24d59fb7a94ea42574afeef253bb7a5d5def6b1d31e11c5566a382962ea54d1da34fdb49eaacf96108f2efbf32b75ec7f48be24fdb16cbc19692dbcde39377711ee0b616105aeb5a8abae4188cb70b70b6c41182b77756fb0ae13041af95fc59fb7cf8ba67b84d0db550ae1d04fabebd7223c11827fb334b922842823eeade153c65464d7e36d8fc55d0af18226a33dae4f02f3f72bc6de03a3cb17191856640327033c0b175e39d37215f5212e72434425990e39077a46cb903a10c41c11d471796f05707615bab1c0e0711524ef2a9529e1e0dcf47ac69c29cba5ed394ae9eb7dce95c359c539468e296673925a426b10a364d6b18c24d595b5d5a4f4bead1fa3d27edaff0019ade599f4df1edd684657cba6916d6c8ac01e11cce97f2bae70034aecc78058a926a2ff0086d1f8d32ab47ac7c40b9d7ede40375beaac1a0941030258ed1f4f6380181ce3218b75e57f39edfc4d67763305dc5231e70582c9cf03f76c038c771b78c039c62a5fed9915882dd0003af00f392491efe99ebcd7d1c787f871cbdac327ca1c9256a91c0e13da271b38fef634fda5d68d7bd75a356b21cb26ab15ec64aac22aedd29b941744da8b4ad76f53f4164fdabfc76eecd1cfe1b8909f9631657042e382417d41d8ee20b72e7af07181457e7c7f6a16e494c9e4e48eff0088fd063d38a2ba7fb2f2bffa02c3ff00e0a5e5e7ebf8eff6b9bfb029ff00cfa5ff008027dbadb5dbe7f367c3da7fc5cd7600b15c186f114e049344a64dac4950ef1b47920742c4b03d492a02f5c3e2c5f4b1e235d3a06c152f2c73120edea0c9398d7919190c7a920f02be6159bae1946d3b89059c139dccaa31c13f31f9881dc7fb36a29a40c304365f68eab9639c8c8ce080739da32320e0e057e49438973082e59622ac968b59b95adcab4959cb45677be8ba5d1fda98ce08c8eacfda2c050a7249c9f2534a2ed6d5c3e0d6cfa5b7bdeccf75d43c59ad5f1dd737d2ba30fb91b0587685519548c227a64fa124f524648d4e6ea5837ca549601836036411c9efc9cf1939ce0579a477b709f765645006e00e41caee5048c80cb8018e3a9383d09bf1ea12b6159773052c4a820b70d80983c39e77029c70703923b639bc6b4af51cdb6aee526e57d96adb6ef7bdae9eccc239052c343928d2a30a6af68d3a71a692d12ba4b96f65bddf4db75dfbea3338dc0f048fbb900104f0d963d003b8f000c03c815a565adbc58d924898c73962a5b2cb865391c918527246474cf3c1a5ec6530e7cb00ed2492c1fd14f0001c601c6496e090062d47700f0a57603c6d2086c9072782319cae075001e4d76c317176e4a8d3e8949a92f93b35b6fa5ed6392b6570945c27495aff006a29c5dd25ae8d49ab777a7de7aed96b524809371b580c939caf3923392705b0436580523706db9236d3c577b6e046f73300bb484323a8c676e546591c73c15ca9ec4d7888bb923259188c92090793f78905541c724f183b8700900d69dbeb0f9549591e3e982bb882a5806572a08c9eac3a9030a71f37a147319c349734bfbc9f2cbf0dfe7f79f3f89e1ca33bc9d2a75217bf2b8a4d3d3e16935d36b2d95dadcf6e4f19cdb57fd3a71c7fcf38cfd0e76f52393e84e327ad15e422e6ddc06134a991ca18d1f07a37cc4a1604e482541c1e727925752cce5d2b492ece752eb6d1d9dafbff004b5f2ffd5ac0df5a115aece8c5bfb3a36a959bd5eab477d3a5fe7b5e324707631c8eb9395273eb8247d091d2ad213e5c7cf753f8f9910cfe448fa123a1a28afc961bfcd7e523f7c9ff00f23ffb71a51804392327648727939f2e339fcc93f524f7ab2dc608e0ecdd91c1ddba41bb3eb8e33d68a2bd1a5f0bff0014bf33ca9eff00f6e3fca23a4276a9c9cfc9cf7e644cf3efb9b3fef1f535a1112925b2a1daad2ca1957e55608d77b03018042e06d041db818c6051457651f8e3ff006efe748e6abfc27fe27ffa4b34e227e7e4fdc6fd1188fc88047a100f615223363ef1e648f3c9e7f76dd7d68a2bdf8ecbd17e479357ed7cbf42d166f97e66fb89dcf74527bfad14514ce47bfcd7e703ffd9),
('b', NULL, NULL, NULL, NULL, NULL, NULL, NULL, '', 0xffd8ffe000104a46494600010100000100010000fffe003c43524541544f523a2067642d6a7065672076312e3020287573696e6720494a47204a50454720763632292c207175616c697479203d203130310affdb00430001010101010101010101010101010101010101010101010101010101010101010101010101010101010101010101010101010101010101010101010101010101ffdb00430101010101010101010101010101010101010101010101010101010101010101010101010101010101010101010101010101010101010101010101010101010101ffc00011080032004303012200021101031101ffc4001f0000010501010101010100000000000000000102030405060708090a0bffc400b5100002010303020403050504040000017d01020300041105122131410613516107227114328191a1082342b1c11552d1f02433627282090a161718191a25262728292a3435363738393a434445464748494a535455565758595a636465666768696a737475767778797a838485868788898a92939495969798999aa2a3a4a5a6a7a8a9aab2b3b4b5b6b7b8b9bac2c3c4c5c6c7c8c9cad2d3d4d5d6d7d8d9dae1e2e3e4e5e6e7e8e9eaf1f2f3f4f5f6f7f8f9faffc4001f0100030101010101010101010000000000000102030405060708090a0bffc400b51100020102040403040705040400010277000102031104052131061241510761711322328108144291a1b1c109233352f0156272d10a162434e125f11718191a262728292a35363738393a434445464748494a535455565758595a636465666768696a737475767778797a82838485868788898a92939495969798999aa2a3a4a5a6a7a8a9aab2b3b4b5b6b7b8b9bac2c3c4c5c6c7c8c9cad2d3d4d5d6d7d8d9dae2e3e4e5e6e7e8e9eaf2f3f4f5f6f7f8f9faffda000c03010002110311003f00febf97e296aaa00253773f379f2601ce738311e7a819c7bfbdc8be29ea5b42efce0727ed007e63cb1cf19fa70718cd7c249f102e707cc9109e402c18639c0270c14919fee8cf38e4822dc5f102e83e37432280090a5d3820608dccddba647e1c66bfb0a7e1ad2ffa02a175d795abdb97677b257b257dfe67f96d4bc5ac6a7a6698dd75bb8c25cbb768ad7b5b4d74bee7dd43e2c5ee02b70d8c67ce1d47d22e3f11c8c6735137c5bd490ed49368ce389b3d8f4fdce33c75208f5240007c2f37c58d32da42973a9e9f6f229c324ba95ba38e71831b32b0230472393d86315ab078fe0ba412dbcf15c293f7e3b8499182e090193728ebdf38f4ac25e19c29c54ea65894656b37197237a689b6e2fa3f9f4d8eea7e2de3e4da59d5793495d5df3455bb25dd6bf768ac7d98ff0016f562c3fd224f4e3caebd382c807a7207e3cd21f8b9ab05dc6f9c70704ac24139e83804e460f38ec3debe366f1a92d9c2e4678f37920743c2f1cf1fa600dc4b8f8d158282ce4f1f282b8f5cf2c7a0008c8e3f3342f0ef089479b2fa29e975ece0ed7b376d1a7d77dd3eb6d7b21e29666ecffb5f136b2f8a75e2ba2b7c4bee8e97f3ba3ec65f8b9a8b0225d41c678c0312646727fd5a7be791cf2338a44f8b12c20859a46049662260092725989c13963f3138ee79e715f1f0f18c0dc312add7e601b3c1e98241c7be33c8e2a36f1643fc3203ec7af3c1f94e3ea011ee40e4d25e1ee0ef67814969751a718a6f4b3bc52b5b5dde9d0e8a7e2666326a52cc2755ab72b9d6a9292bdba4e72b27b3495b5d773ec7ff0085bd377f349ee45c0e7f41fca8af8a0f8f74ec90352d3f82548fb65b821949560416241560410790411455ff00c439c27fd0bdf4fb13feef55a7ddf85bddd3fe228e67ff0041bdb69c7cbcfcff0015d99f95f07c64f1046c5e6d5eee5c0c0dd72400172412aa4213dc964663d589e6b9af137ed35a0e8913af8a3c77a4e96aa8435a4fabdbc1712aaa83b56c6093ed576c57076476f2b31ec4906bf9edd5fe36fc41d60ba6a1e31f10cb14db8b5bc7a95c5a5ac99243036f66f6f0100023618ca804fca0f35c09d76499d9e490b333163920eec9e599b3f313ea4f4ea7d7fd408786d9129a9d4a546328dace8e1a9a6ad6f8252f876d1a8efa9fc954385f346bfda31f55465bc297349cb6bde5395bad93709747d2c7ef8c3fb687c129eecda0f1448016d8979268dad4764ed9c616592c958293b58c92471c58e43e3a7a3687f1fbc19ad2fda7c39e2ad16ed91906eb5d5ad96e21762163dd0acf1dcc2cfd137aa16390a5b69afe739758284e1c000e4052001b49ddc7a12082d9ef839c015427f88da3e964fda6fc48d8398ad1bcd954e467fd592aa73cfceca338ef907a2bf026414e37752ad24d59fb7a94ea42574afeef253bb7a5d5def6b1d31e11c5566a382962ea54d1da34fdb49eaacf96108f2efbf32b75ec7f48be24fdb16cbc19692dbcde39377711ee0b616105aeb5a8abae4188cb70b70b6c41182b77756fb0ae13041af95fc59fb7cf8ba67b84d0db550ae1d04fabebd7223c11827fb334b922842823eeade153c65464d7e36d8fc55d0af18226a33dae4f02f3f72bc6de03a3cb17191856640327033c0b175e39d37215f5212e72434425990e39077a46cb903a10c41c11d471796f05707615bab1c0e0711524ef2a9529e1e0dcf47ac69c29cba5ed394ae9eb7dce95c359c539468e296673925a426b10a364d6b18c24d595b5d5a4f4bead1fa3d27edaff0019ade599f4df1edd684657cba6916d6c8ac01e11cce97f2bae70034aecc78058a926a2ff0086d1f8d32ab47ac7c40b9d7ede40375beaac1a0941030258ed1f4f6380181ce3218b75e57f39edfc4d67763305dc5231e70582c9cf03f76c038c771b78c039c62a5fed9915882dd0003af00f392491efe99ebcd7d1c787f871cbdac327ca1c9256a91c0e13da271b38fef634fda5d68d7bd75a356b21cb26ab15ec64aac22aedd29b941744da8b4ad76f53f4164fdabfc76eecd1cfe1b8909f9631657042e382417d41d8ee20b72e7af07181457e7c7f6a16e494c9e4e48eff0088fd063d38a2ba7fb2f2bffa02c3ff00e0a5e5e7ebf8eff6b9bfb029ff00cfa5ff008027dbadb5dbe7f367c3da7fc5cd7600b15c186f114e049344a64dac4950ef1b47920742c4b03d492a02f5c3e2c5f4b1e235d3a06c152f2c73120edea0c9398d7919190c7a920f02be6159bae1946d3b89059c139dccaa31c13f31f9881dc7fb36a29a40c304365f68eab9639c8c8ce080739da32320e0e057e49438973082e59622ac968b59b95adcab4959cb45677be8ba5d1fda98ce08c8eacfda2c050a7249c9f2534a2ed6d5c3e0d6cfa5b7bdeccf75d43c59ad5f1dd737d2ba30fb91b0587685519548c227a64fa124f524648d4e6ea5837ca549601836036411c9efc9cf1939ce0579a477b709f765645006e00e41caee5048c80cb8018e3a9383d09bf1ea12b6159773052c4a820b70d80983c39e77029c70703923b639bc6b4af51cdb6aee526e57d96adb6ef7bdae9eccc239052c343928d2a30a6af68d3a71a692d12ba4b96f65bddf4db75dfbea3338dc0f048fbb900104f0d963d003b8f000c03c815a565adbc58d924898c73962a5b2cb865391c918527246474cf3c1a5ec6530e7cb00ed2492c1fd14f0001c601c6496e090062d47700f0a57603c6d2086c9072782319cae075001e4d76c317176e4a8d3e8949a92f93b35b6fa5ed6392b6570945c27495aff006a29c5dd25ae8d49ab777a7de7aed96b524809371b580c939caf3923392705b0436580523706db9236d3c577b6e046f73300bb484323a8c676e546591c73c15ca9ec4d7888bb923259188c92090793f78905541c724f183b8700900d69dbeb0f9549591e3e982bb882a5806572a08c9eac3a9030a71f37a147319c349734bfbc9f2cbf0dfe7f79f3f89e1ca33bc9d2a75217bf2b8a4d3d3e16935d36b2d95dadcf6e4f19cdb57fd3a71c7fcf38cfd0e76f52393e84e327ad15e422e6ddc06134a991ca18d1f07a37cc4a1604e482541c1e727925752cce5d2b492ece752eb6d1d9dafbff004b5f2ffd5ac0df5a115aece8c5bfb3a36a959bd5eab477d3a5fe7b5e324707631c8eb9395273eb8247d091d2ad213e5c7cf753f8f9910cfe448fa123a1a28afc961bfcd7e523f7c9ff00f23ffb71a51804392327648727939f2e339fcc93f524f7ab2dc608e0ecdd91c1ddba41bb3eb8e33d68a2bd1a5f0bff0014bf33ca9eff00f6e3fca23a4276a9c9cfc9cf7e644cf3efb9b3fef1f535a1112925b2a1daad2ca1957e55608d77b03018042e06d041db818c6051457651f8e3ff006efe748e6abfc27fe27ffa4b34e227e7e4fdc6fd1188fc88047a100f615223363ef1e648f3c9e7f76dd7d68a2bdf8ecbd17e479357ed7cbf42d166f97e66fb89dcf74527bfad14514ce47bfcd7e703ffd9),
('c', NULL, NULL, NULL, NULL, NULL, NULL, NULL, NULL, NULL),
('d', NULL, NULL, NULL, NULL, NULL, NULL, NULL, NULL, NULL),
('e', NULL, NULL, NULL, NULL, NULL, NULL, NULL, NULL, NULL),
('f', NULL, NULL, NULL, NULL, NULL, NULL, NULL, NULL, NULL),
('meeli', NULL, NULL, NULL, NULL, NULL, NULL, NULL, NULL, NULL);

-- --------------------------------------------------------

--
-- Table structure for table `proffesional`
--

CREATE TABLE `proffesional` (
  `ID` varchar(35) NOT NULL,
  `Email` varchar(50) DEFAULT NULL,
  `Homeph` varchar(20) DEFAULT NULL,
  `Cellph` varchar(10) DEFAULT NULL,
  `Address1` varchar(150) DEFAULT NULL,
  `Cinterest` varchar(150) DEFAULT NULL,
  `Address2` varchar(150) DEFAULT NULL,
  `Education` varchar(40) DEFAULT NULL,
  `College` varchar(40) DEFAULT NULL,
  `Major` varchar(40) DEFAULT NULL,
  `Degree` varchar(40) DEFAULT NULL,
  `Occupation` varchar(40) DEFAULT NULL,
  `Industry` varchar(40) DEFAULT NULL,
  `Company` varchar(40) DEFAULT NULL,
  `Cwebpg` varchar(40) DEFAULT NULL,
  `Title` varchar(40) DEFAULT NULL,
  `Workph` varchar(40) DEFAULT NULL,
  `Jobdes` varchar(150) DEFAULT NULL,
  `Cskill` varchar(150) DEFAULT NULL
) ENGINE=InnoDB DEFAULT CHARSET=latin1;

--
-- Dumping data for table `proffesional`
--

INSERT INTO `proffesional` (`ID`, `Email`, `Homeph`, `Cellph`, `Address1`, `Cinterest`, `Address2`, `Education`, `College`, `Major`, `Degree`, `Occupation`, `Industry`, `Company`, `Cwebpg`, `Title`, `Workph`, `Jobdes`, `Cskill`) VALUES
('a', NULL, NULL, NULL, NULL, '', NULL, 'Some College', '', '', '', '', '', '', '', '', '', '', ''),
('b', NULL, NULL, NULL, NULL, NULL, NULL, NULL, NULL, NULL, NULL, NULL, NULL, NULL, NULL, NULL, NULL, NULL, NULL),
('c', NULL, NULL, NULL, NULL, NULL, NULL, NULL, NULL, NULL, NULL, NULL, NULL, NULL, NULL, NULL, NULL, NULL, NULL),
('d', NULL, NULL, NULL, NULL, NULL, NULL, NULL, NULL, NULL, NULL, NULL, NULL, NULL, NULL, NULL, NULL, NULL, NULL),
('e', NULL, NULL, NULL, NULL, NULL, NULL, NULL, NULL, NULL, NULL, NULL, NULL, NULL, NULL, NULL, NULL, NULL, NULL),
('f', NULL, NULL, NULL, NULL, NULL, NULL, NULL, NULL, NULL, NULL, NULL, NULL, NULL, NULL, NULL, NULL, NULL, NULL),
('meeli', NULL, NULL, NULL, NULL, NULL, NULL, NULL, NULL, NULL, NULL, NULL, NULL, NULL, NULL, NULL, NULL, NULL, NULL);

-- --------------------------------------------------------

--
-- Table structure for table `scrap`
--

CREATE TABLE `scrap` (
  `Sender` varchar(45) NOT NULL,
  `Destination` varchar(45) NOT NULL,
  `Message` varchar(300) NOT NULL
) ENGINE=InnoDB DEFAULT CHARSET=latin1;

-- --------------------------------------------------------

--
-- Table structure for table `social`
--

CREATE TABLE `social` (
  `ID` varchar(35) NOT NULL,
  `Fname` varchar(35) DEFAULT NULL,
  `Lname` varchar(25) DEFAULT NULL,
  `Gender` varchar(6) DEFAULT NULL,
  `Status` varchar(35) DEFAULT NULL,
  `BirthDay` varchar(2) DEFAULT NULL,
  `BirthMonth` varchar(10) DEFAULT NULL,
  `BirthYear` varchar(4) DEFAULT NULL,
  `City` varchar(35) DEFAULT NULL,
  `State` varchar(35) DEFAULT NULL,
  `Country` varchar(35) DEFAULT NULL,
  `Language` varchar(150) DEFAULT NULL,
  `HighSchool` varchar(35) DEFAULT NULL,
  `University` varchar(35) DEFAULT NULL,
  `Interest` varchar(35) DEFAULT NULL,
  `Children` varchar(40) DEFAULT NULL,
  `Ethnicity` varchar(50) DEFAULT NULL,
  `Political` varchar(50) DEFAULT NULL,
  `Religion` varchar(50) DEFAULT NULL,
  `Humour` varchar(50) DEFAULT NULL,
  `Fashion` varchar(50) DEFAULT NULL,
  `Smoking` varchar(50) DEFAULT NULL,
  `Drinking` varchar(40) DEFAULT NULL,
  `Pets` varchar(40) DEFAULT NULL,
  `Living` varchar(40) DEFAULT NULL,
  `Hometown` varchar(40) DEFAULT NULL,
  `Webpage` varchar(40) DEFAULT NULL,
  `Aboutme` varchar(40) DEFAULT NULL,
  `Passion` varchar(150) DEFAULT NULL,
  `Sports` varchar(150) DEFAULT NULL,
  `Activities` varchar(150) DEFAULT NULL,
  `Books` varchar(150) DEFAULT NULL,
  `Music` varchar(150) DEFAULT NULL,
  `Tvshow` varchar(150) DEFAULT NULL,
  `Movies` varchar(150) DEFAULT NULL,
  `title` varchar(150) DEFAULT NULL,
  `image` longblob
) ENGINE=InnoDB DEFAULT CHARSET=latin1;

--
-- Dumping data for table `social`
--

INSERT INTO `social` (`ID`, `Fname`, `Lname`, `Gender`, `Status`, `BirthDay`, `BirthMonth`, `BirthYear`, `City`, `State`, `Country`, `Language`, `HighSchool`, `University`, `Interest`, `Children`, `Ethnicity`, `Political`, `Religion`, `Humour`, `Fashion`, `Smoking`, `Drinking`, `Pets`, `Living`, `Hometown`, `Webpage`, `Aboutme`, `Passion`, `Sports`, `Activities`, `Books`, `Music`, `Tvshow`, `Movies`, `title`, `image`) VALUES
('a', 'a', 'a', 'Male', 'Single', '1', 'January', '1960', '', '', '', '', '', '', 'No answer', 'No', 'Asian', 'Not Potitical', 'Hindu', 'Cheeasy', 'Alternative', 'No', 'No', 'I have them', 'Alone', '', '', '', '', '', '', '', '', '', '', NULL, NULL),
('b', NULL, NULL, NULL, NULL, NULL, NULL, NULL, NULL, NULL, NULL, NULL, NULL, NULL, NULL, NULL, NULL, NULL, NULL, NULL, NULL, NULL, NULL, NULL, NULL, NULL, NULL, NULL, NULL, NULL, NULL, NULL, NULL, NULL, NULL, NULL, NULL),
('c', NULL, NULL, NULL, NULL, NULL, NULL, NULL, NULL, NULL, NULL, NULL, NULL, NULL, NULL, NULL, NULL, NULL, NULL, NULL, NULL, NULL, NULL, NULL, NULL, NULL, NULL, NULL, NULL, NULL, NULL, NULL, NULL, NULL, NULL, NULL, NULL),
('d', NULL, NULL, NULL, NULL, NULL, NULL, NULL, NULL, NULL, NULL, NULL, NULL, NULL, NULL, NULL, NULL, NULL, NULL, NULL, NULL, NULL, NULL, NULL, NULL, NULL, NULL, NULL, NULL, NULL, NULL, NULL, NULL, NULL, NULL, NULL, NULL),
('e', NULL, NULL, NULL, NULL, NULL, NULL, NULL, NULL, NULL, NULL, NULL, NULL, NULL, NULL, NULL, NULL, NULL, NULL, NULL, NULL, NULL, NULL, NULL, NULL, NULL, NULL, NULL, NULL, NULL, NULL, NULL, NULL, NULL, NULL, NULL, NULL),
('f', NULL, NULL, NULL, NULL, NULL, NULL, NULL, NULL, NULL, NULL, NULL, NULL, NULL, NULL, NULL, NULL, NULL, NULL, NULL, NULL, NULL, NULL, NULL, NULL, NULL, NULL, NULL, NULL, NULL, NULL, NULL, NULL, NULL, NULL, NULL, NULL),
('meeli', NULL, NULL, NULL, NULL, NULL, NULL, NULL, NULL, NULL, NULL, NULL, NULL, NULL, NULL, NULL, NULL, NULL, NULL, NULL, NULL, NULL, NULL, NULL, NULL, NULL, NULL, NULL, NULL, NULL, NULL, NULL, NULL, NULL, NULL, NULL, NULL);

--
-- Indexes for dumped tables
--

--
-- Indexes for table `friend`
--
ALTER TABLE `friend`
  ADD KEY `ID` (`ID`),
  ADD KEY `SearchID` (`SearchID`);

--
-- Indexes for table `login`
--
ALTER TABLE `login`
  ADD PRIMARY KEY (`ID`);

--
-- Indexes for table `personal`
--
ALTER TABLE `personal`
  ADD UNIQUE KEY `ID_3` (`ID`),
  ADD KEY `ID` (`ID`),
  ADD KEY `ID_2` (`ID`);

--
-- Indexes for table `proffesional`
--
ALTER TABLE `proffesional`
  ADD UNIQUE KEY `ID_3` (`ID`),
  ADD KEY `ID` (`ID`),
  ADD KEY `ID_2` (`ID`) USING BTREE;

--
-- Indexes for table `scrap`
--
ALTER TABLE `scrap`
  ADD KEY `Sender` (`Sender`),
  ADD KEY `Destination` (`Destination`);

--
-- Indexes for table `social`
--
ALTER TABLE `social`
  ADD UNIQUE KEY `ID_2` (`ID`),
  ADD KEY `ID` (`ID`);

--
-- Constraints for dumped tables
--

--
-- Constraints for table `friend`
--
ALTER TABLE `friend`
  ADD CONSTRAINT `ID_friend_FK` FOREIGN KEY (`ID`) REFERENCES `login` (`ID`) ON DELETE CASCADE ON UPDATE CASCADE,
  ADD CONSTRAINT `ID_friend_FK2` FOREIGN KEY (`SearchID`) REFERENCES `login` (`ID`) ON DELETE CASCADE ON UPDATE CASCADE;

--
-- Constraints for table `personal`
--
ALTER TABLE `personal`
  ADD CONSTRAINT `ID_person_FK` FOREIGN KEY (`ID`) REFERENCES `login` (`ID`) ON DELETE CASCADE ON UPDATE CASCADE;

--
-- Constraints for table `proffesional`
--
ALTER TABLE `proffesional`
  ADD CONSTRAINT `ID_proffesional_FK` FOREIGN KEY (`ID`) REFERENCES `login` (`ID`) ON DELETE CASCADE ON UPDATE CASCADE;

--
-- Constraints for table `scrap`
--
ALTER TABLE `scrap`
  ADD CONSTRAINT `ID_scrap_FK` FOREIGN KEY (`Sender`) REFERENCES `login` (`ID`) ON DELETE CASCADE ON UPDATE CASCADE,
  ADD CONSTRAINT `ID_scrap_FK2` FOREIGN KEY (`Destination`) REFERENCES `login` (`ID`) ON DELETE CASCADE ON UPDATE CASCADE;

--
-- Constraints for table `social`
--
ALTER TABLE `social`
  ADD CONSTRAINT `ID_social_FK` FOREIGN KEY (`ID`) REFERENCES `login` (`ID`) ON DELETE CASCADE ON UPDATE CASCADE;

/*!40101 SET CHARACTER_SET_CLIENT=@OLD_CHARACTER_SET_CLIENT */;
/*!40101 SET CHARACTER_SET_RESULTS=@OLD_CHARACTER_SET_RESULTS */;
/*!40101 SET COLLATION_CONNECTION=@OLD_COLLATION_CONNECTION */;
